create database Kuruyemis
use Kuruyemis

create table Tedarikci (TedarikciID int not null, TedarikciAdi nchar(50), TedarikciAdres nchar(200))
create table Depo (DepoID int not null, DepoAdi nchar(50), DepoAdres nchar(200), TedarikciID int not null)
create table Stok (StokKodu int not null, MiktarKg int, DepoID int not null)

create table Tasit (TasitPlaka nchar(10) not null, TasitAdi nchar(20), TasitSegment nchar(3), TasitModel nchar(100) )
create table Motor (MotorPlaka nchar(10) not null)
create table Araba (ArabaPlaka nchar(10) not null)

create table Kasiyer (KasiyerID int not null, MusteriID int not null)
create table Kurye (KuryeID int not null, MotorPlaka nchar(10) not null, SiparisNo int not null)
create table Sofor (SoforID int not null, DepoID int not null, SubeID int not null, ArabaPlaka nchar(10) not null)

create table Calisanlar (CalisanlarID int not null, CalisanlarAdi nchar(50), CalisanlarTel bigint not null, Pozisyon nchar(50))

create table Siparis (SiparisNo int not null, SiparisAdres nchar(200), SiparisTutar smallmoney, SiparisTarih date, UrunID int not null)
create table Satis (SatisID int not null, SatisTarih date, SubeID int not null)
create table Urun (UrunID int not null, UrunAdi nchar(50), UrunFiyat smallmoney)
create table Sube (SubeID int not null, SubeAdi nchar(50), SubeAdres nchar(200), SoforID int not null, KasiyerID int not null)
create table Musteri (MusteriID int not null, MusteriAdi nchar(50), MusteriTel bigint not null, SiparisNo int not null)

--PRÝMARY KEY--------------------------------------------------------
alter table Tedarikci Add Constraint PKTedarikci Primary Key(TedarikciID)
alter table Depo Add Constraint PKDepo Primary Key(DepoID)
alter table Stok Add Constraint PKStok Primary Key(StokKodu)
alter table Tasit Add Constraint PKTasit Primary Key(TasitPlaka)
alter table Motor Add Constraint PKMotor Primary Key(MotorPlaka)
alter table Araba Add Constraint PKAraba Primary Key(ArabaPlaka)
alter table Kasiyer Add Constraint PKKasiyer Primary Key(KasiyerID)
alter table Kurye Add Constraint PKKurye Primary Key(KuryeID)
alter table Sofor Add Constraint PKSofor Primary Key(SoforID)
alter table Calisanlar Add Constraint PKCalisanlar Primary Key(CalisanlarID)
alter table Siparis Add Constraint PKSiparis Primary Key(SiparisNo)
alter table Satis Add Constraint PKSatis Primary Key(SatisID)
alter table Urun Add Constraint PKUrun Primary Key(UrunID)
alter table Sube Add Constraint PKSube Primary Key(SubeID)
alter table Musteri Add Constraint PKMusteri Primary Key(MusteriID)

--FOREÝGN KEY--------------------------------------------------------
alter table Depo add constraint FKDepo Foreign Key (TedarikciID) References Tedarikci (TedarikciID)

alter table Stok add constraint FKStokDepo Foreign Key (DepoID) References Depo (DepoID)
alter table Urun add constraint FKUrunStok Foreign Key (UrunID) References Stok (StokKodu)

alter table Sofor add constraint FKSoforDepo Foreign Key (DepoID) References Depo (DepoID)
alter table Sofor add constraint FKSoforSube Foreign Key (SubeID) References Sube (SubeID)

alter table Sofor add constraint FKSoforAraba Foreign Key (ArabaPlaka) References Araba (ArabaPlaka)
alter table Araba add constraint FKArabaTasit Foreign Key (ArabaPlaka) References Tasit (TasitPlaka)
alter table Motor add constraint FKMotorTasit Foreign Key (MotorPlaka) References Tasit (TasitPlaka)
alter table Kurye add constraint FKKuryeMotor Foreign Key (MotorPlaka) References Motor (MotorPlaka)

alter table Sofor add constraint FKSoforCalisan Foreign Key (SoforID) References Calisanlar (CalisanlarID)
alter table Kurye add constraint FKKuryeCalisan Foreign Key (KuryeID) References Calisanlar (CalisanlarID)
alter table Kasiyer add constraint FKKasiyerCalisan Foreign Key (KasiyerID) References Calisanlar (CalisanlarID)

alter table Siparis add constraint FKSiparisUrun Foreign Key (UrunID) References Urun (UrunID)

alter table Siparis add constraint FKSiparisSatis Foreign Key (SiparisNo) References Satis (SatisID)

alter table Kurye add constraint FKKuryeSiparis Foreign Key (SiparisNo) References Siparis (SiparisNo)
alter table Musteri add constraint FKMusteriSiparis Foreign Key (SiparisNo) References Siparis (SiparisNo)

alter table Kasiyer add constraint FKKasiyerMusteri Foreign Key (MusteriID) References Musteri (MusteriID)

alter table Satis add constraint FKSatisSube Foreign Key (SubeID) References Sube (SubeID)

alter table Sube add constraint FKSubeSofor Foreign Key (SoforID) References Sofor (SoforID)
alter table Sube add constraint FKSubeKasiyer Foreign Key (KasiyerID) References Kasiyer (KasiyerID)

--VERÝ GÝRÝÞLERÝ-----------------------------------------------------

--TEDARÝKÇÝ TABLOSU VERÝ GÝRÝSÝ (TedarikciID, TedarikciAdi, TedarikciAdres)
insert into Tedarikci values (1, 'Reekas Nuts Company', 'Kavak Yazisi,21, 14030, Merkez/ Bolu, Turkey')
insert into Tedarikci values (2, 'The Squirrel Brand Co', 'Hoþköy,19, 25360, Þenkaya/ Erzurum, Turkey')
insert into Tedarikci values (3, 'Tadým Kuruyemiþ', 'Yalinli,23, 63500, Akçakale/ Þanliurfa, Turkey')
insert into Tedarikci values (4, 'Peyman Kuruyemiþ', 'Dahalli,16, 37210, Merkez/ Kastamonu, Turkey')
insert into Tedarikci values (5, 'Hacýbaba Kuruyemiþ', 'Bademli Köyü,28, 32502, Eðirdir/ Isparta, Turkey')

--DEPO TABLOSU VERÝ GÝRÝSÝ (DepoID, DepoAdi, DepoAdres, TedarikciID)
insert into Depo values (101, 'Ýstanbul Depo', 'Boyaci Köyü,22, 19702, Mecitözü/ Ýstanbul, Turkey', 1)
insert into Depo values (102, 'Ankara Depo', 'Sakizlar,10, 37752, Azdavay/ Ankara, Turkey', 3)
insert into Depo values (103, 'Bursa Depo', 'Görentepe,18, 21640, Silvan/ Bursa, Turkey', 3)
insert into Depo values (104, 'Antalya Depo', 'Mukamlar Köyü,9, 14902, Kaþ/ Antalya, Turkey', 2)
insert into Depo values (105, 'Ýzmir Depo', 'Hicim Baba,35, 50000, Merkez/ Ýzmir, Turkey', 5)
insert into Depo values (106, 'Adana Depo', 'Kirkiþla,10, 42850, Cihanbeyli/ Adana, Turkey', 4)

--STOK TABLOSU VERÝ GÝRÝSÝ (StokKodu, MiktarKg, DepoID)
insert into Stok values (120001, 10, 101)
insert into Stok values (120002, 20, 101)
insert into Stok values (120003, 30, 102)
insert into Stok values (120004, 40, 102)
insert into Stok values (120005, 10, 103)
insert into Stok values (120006, 60, 103)
insert into Stok values (120007, 40, 104)
insert into Stok values (120008, 100, 105)
insert into Stok values (120009, 40, 105)
insert into Stok values (120010, 30, 106)

--ÜRÜN TABLOSU VERÝ GÝRÝSÝ (UrunID, UrunAdi, UrunFiyat)
insert into Urun values (120001, 'Yer Fýstýðý', 456.95)
insert into Urun values (120002, 'Antep Fýstýðý', 335.90)
insert into Urun values (120003, 'Fýndýk', 747.05)
insert into Urun values (120004, 'Lokum', 306.05)
insert into Urun values (120005, 'Tuzlu Çekirdek', 497.50)
insert into Urun values (120006, 'Kavrulmuþ Çekirdek', 560.95)
insert into Urun values (120007, 'Kaju Fýstýðý', 116.85)
insert into Urun values (120008, 'Badem', 49.55)
insert into Urun values (120009, 'Viþne Kurusu', 345.95)
insert into Urun values (120010, 'Kurutulmuþ Ýncir', 200.90)

--TAÞIT TABLOSU VERÝ GÝRÝSÝ (TasitPlaka, TasitAdi, TasitSegment, TasitModel)
insert into Tasit values ('34 H 324', 'Motor', 'A1', 'Bajaj Dominar D 250')
insert into Tasit values ('34 GA 474', 'Motor', 'A', 'Bajaj Pulsar NS 200 (Euro 4)')
insert into Tasit values ('34 FF 420', 'Motor', 'A', 'Kanuni Scooter Nev 50')
insert into Tasit values ('34 BV 697', 'Motor', 'A2', 'Mondial Rx3i Evo')
insert into Tasit values ('34 BM 2147', 'Motor', 'A1', 'ARORA MAX-T')
insert into Tasit values ('34 DEV 121', 'Motor', 'A1', 'HERO YENÝ NESÝL DASH 125')
insert into Tasit values ('34 NC 895', 'Motor', 'A', 'YUKÝ HAMMER')
insert into Tasit values ('34 KL 164', 'Motor', 'A', 'Rks Rt 250 Enduro')
insert into Tasit values ('34 EC 1010', 'Motor', 'A', 'ARORA JAGUAR')
insert into Tasit values ('34 AE 4589', 'Motor', 'A1', 'Mondial 125 Drýft L Cbs')
insert into Tasit values ('34 F 432', 'Araba', 'B', 'Peugeot 308')
insert into Tasit values ('34 EA 747', 'Araba', 'D', 'Suzuki S-Cross')
insert into Tasit values ('34 KF 142', 'Araba', 'B', 'Citroen C5 Aircross')
insert into Tasit values ('34 V 769', 'Araba', 'C', 'Hyundai i20')
insert into Tasit values ('34 M 214', 'Araba', 'B', 'Kia Picanto')
insert into Tasit values ('34 EV 211', 'Araba', 'B', 'Iveco 70C50')
insert into Tasit values ('34 CM 958', 'Araba', 'C', 'Ford Trucks')
insert into Tasit values ('34 LK 416', 'Araba', 'C', 'Iveco C15')
insert into Tasit values ('34 VA 1011', 'Araba', 'D', 'Ford Tourneo')
insert into Tasit values ('34 GT 8945', 'Araba', 'B', 'Fiat Doblo Cargo')

--MOTOR TABLOSU VERÝ GÝRÝSÝ (MotorPlaka)
insert into Motor values ('34 H 324')
insert into Motor values ('34 GA 474')
insert into Motor values ('34 FF 420')
insert into Motor values ('34 BV 697')
insert into Motor values ('34 BM 2147')
insert into Motor values ('34 DEV 121')
insert into Motor values ('34 NC 895')
insert into Motor values ('34 KL 164')
insert into Motor values ('34 EC 1010')
insert into Motor values ('34 AE 4589')

--ARABA TABLOSU VERÝ GÝRÝSÝ (ArabaPlaka)
insert into Araba values ('34 F 432')
insert into Araba values ('34 EA 747')
insert into Araba values ('34 KF 142')
insert into Araba values ('34 V 769')
insert into Araba values ('34 M 214')
insert into Araba values ('34 EV 211')
insert into Araba values ('34 CM 958')
insert into Araba values ('34 LK 416')
insert into Araba values ('34 VA 1011')
insert into Araba values ('34 GT 8945')

--ÇALIÞANLAR TABLOSU VERÝ GÝRÝSÝ (CalisanlarID, CalisanlarAdi, CalisanlarTel, Pozisyon)
insert into Calisanlar values (1001001, 'HÜLYA ÖNAL', 05505107095, 'Kasiyer')
insert into Calisanlar values (1001002, 'ERHAN HÜSEYÝN GÜNBEY', 05456885132, 'Kasiyer')
insert into Calisanlar values (1001003, 'ERCAN KARACAN', 05377655510, 'Kasiyer')
insert into Calisanlar values (1001004, 'SALMAN ÖNER', 05896661566, 'Kasiyer')
insert into Calisanlar values (1001005, 'ZEMZEM AKÝ', 05051476151, 'Kasiyer')
insert into Calisanlar values (1001006, 'ÖZTAN OÐUZSOY', 05505107095, 'Kasiyer')
insert into Calisanlar values (1001007, 'ÝSMAÝL PÝRÝM', 05512333334, 'Kasiyer')
insert into Calisanlar values (1001008, 'ELÝFCAN ÞEKERLER', 05344478777, 'Kasiyer')
insert into Calisanlar values (1001009, 'ATA KASKALAN', 08502221222, 'Kasiyer')
insert into Calisanlar values (1001010, 'LAL TOKSARI', 05318549404, 'Kasiyer')
insert into Calisanlar values (1001101, 'NURHAN ÇÝLOÐLU', 05505557096, 'Kurye')
insert into Calisanlar values (1001102, 'ÞUEDA KILBACAK', 05454565133, 'Kurye')
insert into Calisanlar values (1001103, 'OSMAN ERSEGUN AKSÖYEK', 05378455511, 'Kurye')
insert into Calisanlar values (1001104, 'EBUBEKÝR ONUR YÜCETÜRK', 05896951566, 'Kurye')
insert into Calisanlar values (1001105, 'CUNDULLAH BAÞYÝÐÝT', 05053216151, 'Kurye')
insert into Calisanlar values (1001106, 'TAHACAN BÜYÜKTAÞ', 05504887096, 'Kurye')
insert into Calisanlar values (1001107, 'VELAT KAYAN', 05510103335, 'Kurye')
insert into Calisanlar values (1001108, 'NEJDET ARIKBOÐA', 05349988778, 'Kurye')
insert into Calisanlar values (1001109, 'RAÞAN ÞEN TANRIKULU', 05507351223, 'Kurye')
insert into Calisanlar values (1001110, 'RESUL SINICI', 05311959405, 'Kurye')
insert into Calisanlar values (1001201, 'ESMERALDA AY GÜNEY', 05505107097, 'Sofor')
insert into Calisanlar values (1001202, 'ESRA NUR SEYMEN', 05454105134, 'Sofor')
insert into Calisanlar values (1001203, 'ÞÝFA MADAK', 05378410512, 'Sofor')
insert into Calisanlar values (1001204, 'FATMA DUYGU KAVAK', 05896900567, 'Sofor')
insert into Calisanlar values (1001205, 'SEYFÝ CEM YEÞÝLDAÐER', 05053200152, 'Sofor')
insert into Calisanlar values (1001206, 'FARUK KUÞTÝMUR', 05504800097, 'Sofor')
insert into Calisanlar values (1001207, 'GÜLÝSTAN AKSÖZ', 05510199336, 'Sofor')
insert into Calisanlar values (1001208, 'NAFÝYE ÖKSÜZOÐLU', 05349988779, 'Sofor')
insert into Calisanlar values (1001209, 'ÖZGÜR SÝNAN KHALÝL', 05507377224, 'Sofor')
insert into Calisanlar values (1001210, 'SAÝD ÖNAL', 05311955406, 'Sofor')

--KASÝYER TABLOSU VERÝ GÝRÝSÝ (KasiyerID, MusteriID)
insert into Kasiyer values (1001001, 10000001)
insert into Kasiyer values (1001002, 10000001)
insert into Kasiyer values (1001003, 10000002)
insert into Kasiyer values (1001004, 10000002)
insert into Kasiyer values (1001005, 10000003)
insert into Kasiyer values (1001006, 10000003)
insert into Kasiyer values (1001007, 10000004)
insert into Kasiyer values (1001008, 10000004)
insert into Kasiyer values (1001009, 10000005)
insert into Kasiyer values (1001010, 10000005)

--KURYE TABLOSU VERÝ GÝRÝSÝ (KuryeID, MotorPlaka, SiparisNo)
insert into Kurye values (1001101, '34 H 324', 42480)
insert into Kurye values (1001102, '34 GA 474', 32176)
insert into Kurye values (1001103, '34 FF 420', 51220)
insert into Kurye values (1001104, '34 BV 697', 71208)
insert into Kurye values (1001105, '34 BM 2147', 89784)
insert into Kurye values (1001106, '34 DEV 121', 65811)
insert into Kurye values (1001107, '34 NC 895', 82223)
insert into Kurye values (1001108, '34 KL 164', 85960)
insert into Kurye values (1001109, '34 EC 1010', 43100)
insert into Kurye values (1001110, '34 AE 4589', 15643)


--ÞOFÖR TABLOSU VERÝ GÝRÝSÝ (SoforID, DepoID, SubeID, ArabaPlaka)
insert into Sofor values (1001201, 101, 1001, '34 F 432')
insert into Sofor values (1001202, 101, 1002, '34 EA 747')
insert into Sofor values (1001203, 102, 1002, '34 KF 142')
insert into Sofor values (1001204, 102, 1003, '34 V 769')
insert into Sofor values (1001205, 103, 1004, '34 M 214')
insert into Sofor values (1001206, 104, 1004, '34 EV 211')
insert into Sofor values (1001207, 105, 1005, '34 CM 958')
insert into Sofor values (1001208, 106, 1005, '34 LK 416')
insert into Sofor values (1001209, 106, 1005, '34 VA 1011')
insert into Sofor values (1001210, 106, 1005, '34 GT 8945')

--SÝPARÝÞ TABLOSU VERÝ GÝRÝSÝ (SiparisNo, SiparisAdres, SiparisTutar, SiparisTarih, UrunID)
insert into Siparis values (42480, 'Daniþmantli,17, 67380, Ereðli/ Zonguldak, Türkiye', 456.95, '2022-04-27', 120001)
insert into Siparis values (32176, 'Tabakhane,23, 16900, Yeniþehir/ Bursa, Türkiye', 335.90, '2022-01-14', 120002)
insert into Siparis values (51220, 'Çayaðzý Köyü,32, 57702, Duraðan/ Sinop, Türkiye', 747.05, '2022-01-15', 120003)
insert into Siparis values (71208, 'Yaka,33, 9760, Bozdoðan/ Aydýn, Türkiye', 306.05, '2022-03-19', 120004)
insert into Siparis values (89784, 'Demir Köyü,33, 24620, Kemaliye/ Erzincan, Türkiye', 497.50, '2022-04-01', 120005)
insert into Siparis values (65811, 'Çerçili,34, 19502, Osmancýk/ Çorum, Türkiye', 560.95, '2022-02-22', 120006)
insert into Siparis values (82223, 'Çeltiközü Köyü,25, 19902, Kargý/ Çorum, Türkiye', 116.85, '2022-01-02', 120007)
insert into Siparis values (85960, 'Ýnönü Mah.,35, 3911, Sultandaðý/ Afyonkarahisar, Türkiye', 49.55, '2022-02-17', 120008)
insert into Siparis values (43100, 'Gölyazý,22, 55600, Terme/ Samsun, Türkiye', 345.95, '2022-01-10', 120009)
insert into Siparis values (15643, 'Yalova Ýzmit Karayolu,1, 77602, Çiftlikköy/ Yalova, Türkiye', 200.90, '2022-03-27', 120010)

--SATIÞ TABLOSU VERÝ GÝRÝSÝ (SatisID, SatisTarih, SubeID)
insert into Satis values (42480, '2022-04-27', 1001)
insert into Satis values (32176, '2022-01-14', 1001)
insert into Satis values (51220, '2022-01-14', 1002)
insert into Satis values (71208, '2022-03-19', 1002)
insert into Satis values (89784, '2022-04-01', 1003)
insert into Satis values (65811, '2022-02-22', 1003)
insert into Satis values (82223, '2022-01-02', 1004)
insert into Satis values (85960, '2022-02-17', 1004)
insert into Satis values (43100, '2022-01-10', 1005)
insert into Satis values (15643, '2022-03-27', 1005)

--ÞUBE TABLOSU VERÝ GÝRÝSÝ (SubeID, SubeAdi, SubeAdres, SoforID, KasiyerID)
insert into Sube values (1001, 'Beylikdüzü Þubesi', 'Tatliçay,14, 8890, Beylikdüzü/Istanbul, Turkey', 1001201, 1001001)
insert into Sube values (1002, 'Esenyurt Þubesi', 'Daðseven,27, 65900, Esenyurt/Istanbul, Turkey', 1001202, 1001002)
insert into Sube values (1003, 'Avýlar Þubesi', 'Konaközü Köyü,10, 58502, Avcýlar/Istanbul, Turkey', 1001203, 1001003)
insert into Sube values (1004, 'Küçükçekmece Þubesi', 'Barutçular,6, 20040, Küçükçekmece/Istanbul, Turkey', 1001204, 1001004)
insert into Sube values (1005, 'Baþakþehir Þubesi', 'Doðuba,34, 29832, Baþakþehir/Istanbul, Turkey', 1001205, 1001005)

--MÜÞTERÝ TABLOSU VERÝ GÝRÝSÝ (MusteriID, MusteriAdi, MusteriTel, SiparisNo)
insert into Musteri values (10000001, 'OLCAY BAÞAK ÖÐREDEN', 05544900000, 42480)
insert into Musteri values (10000002, 'ZARÝFE GEZÝCÝ', 05544894500, 51220)
insert into Musteri values (10000003, 'TOLGA SAKALLIOÐLU', 05319543999, 89784)
insert into Musteri values (10000004, 'ÞADÝYE SELÝN ÜNALAN', 05319540999, 85960)
insert into Musteri values (10000005, 'ÖNER KETEN', 05319540000, 15643)